{
  "wrist": {
    "parent": null,
    "length": 1.0,
    "z": 0.0,
    "y": -0.0,
    "x": 0.0,
    "is_disconnected_to_parent": false
  },
  "palm": {
    "parent": "wrist",
    "length": 10.0,
    "z": 0.0,
    "y": -0.0,
    "x": 0.0,
    "is_disconnected_to_parent": false
  },
  "thumb_proximal_phalanx": {
    "parent": "palm",
    "length": 4.600000381469727,
    "z": -0.0,
    "y": -2.700199604034424,
    "x": -1.0471975803375244,
    "is_disconnected_to_parent": true,
    "parent_offset": {
      "x": 3.5,
      "y": -0.75,
      "z": -7.5
    }
  },
  "thumb_middle_phalanx": {
    "parent": "thumb_proximal_phalanx",
    "length": 4.500000476837158,
    "z": 0.0,
    "y": -0.0,
    "x": 0.5235987901687622,
    "is_disconnected_to_parent": false
  },
  "thumb_distal_phalanx": {
    "parent": "thumb_middle_phalanx",
    "length": 3.499999761581421,
    "z": 0.0,
    "y": -0.0,
    "x": 0.2617993950843811,
    "is_disconnected_to_parent": false
  },
  "index_f_proximal_phalanx": {
    "parent": "palm",
    "length": 3.6000006198883057,
    "z": -0.10966410487890244,
    "y": 0.02645934373140335,
    "x": -0.2051791250705719,
    "is_disconnected_to_parent": true,
    "parent_offset": {
      "x": 2.700000047683716,
      "y": 0.0,
      "z": 0.0
    }
  },
  "index_f_middle_phalanx": {
    "parent": "index_f_proximal_phalanx",
    "length": 5.399999618530273,
    "z": 0.0,
    "y": -0.0,
    "x": 0.25721418857574463,
    "is_disconnected_to_parent": false
  },
  "index_f_distal_phalanx": {
    "parent": "index_f_middle_phalanx",
    "length": 3.5000007152557373,
    "z": 0.0,
    "y": -0.0,
    "x": 0.30499032139778137,
    "is_disconnected_to_parent": false
  },
  "middle_f_proximal_phalanx": {
    "parent": "palm",
    "length": 3.6000006198883057,
    "z": -0.047383155673742294,
    "y": 0.011453264392912388,
    "x": -0.2039981633424759,
    "is_disconnected_to_parent": true,
    "parent_offset": {
      "x": 0.8999999761581421,
      "y": 0.0,
      "z": 0.0
    }
  },
  "middle_f_middle_phalanx": {
    "parent": "middle_f_proximal_phalanx",
    "length": 5.399999141693115,
    "z": 0.0,
    "y": -0.0,
    "x": 0.25721418857574463,
    "is_disconnected_to_parent": false
  },
  "middle_f_distal_phalanx": {
    "parent": "middle_f_middle_phalanx",
    "length": 3.499999761581421,
    "z": 0.0,
    "y": -0.0,
    "x": 0.30499032139778137,
    "is_disconnected_to_parent": false
  },
  "ring_f_proximal_phalanx": {
    "parent": "palm",
    "length": 3.5999999046325684,
    "z": 0.06805090606212616,
    "y": -0.01644168421626091,
    "x": -0.11236320436000824,
    "is_disconnected_to_parent": true,
    "parent_offset": {
      "x": -0.8999999761581421,
      "y": 0.0,
      "z": 0.0
    }
  },
  "ring_f_middle_phalanx": {
    "parent": "ring_f_proximal_phalanx",
    "length": 5.399999141693115,
    "z": 0.0,
    "y": -0.0,
    "x": 0.25721418857574463,
    "is_disconnected_to_parent": false
  },
  "ring_f_distal_phalanx": {
    "parent": "ring_f_middle_phalanx",
    "length": 3.5000007152557373,
    "z": 0.0,
    "y": -0.0,
    "x": 0.30499032139778137,
    "is_disconnected_to_parent": false
  },
  "little_f_proximal_phalanx": {
    "parent": "palm",
    "length": 3.5999999046325684,
    "z": 0.16831186413764954,
    "y": -0.04048663377761841,
    "x": -0.027952825650572777,
    "is_disconnected_to_parent": true,
    "parent_offset": {
      "x": -2.700000047683716,
      "y": 0.0,
      "z": 0.0
    }
  },
  "little_f_middle_phalanx": {
    "parent": "little_f_proximal_phalanx",
    "length": 5.40000057220459,
    "z": 0.0,
    "y": -0.0,
    "x": 0.25721418857574463,
    "is_disconnected_to_parent": false
  },
  "little_f_distal_phalanx": {
    "parent": "little_f_middle_phalanx",
    "length": 3.500000238418579,
    "z": 0.0,
    "y": -0.0,
    "x": 0.30499032139778137,
    "is_disconnected_to_parent": false
  }
}